STATION CODE,year,D.O.,PH,CONDUCTIVITY,B.O.D.,NITRATE,FECAL COLIFORM,TOTAL COLIFORM,Potability,WQI
1092,2006,6.333,7.277,542,5.4,7.187,15,207,1,94.2916603
1092,2007,5.7,7.2,531,5.3,0.75,116,456,1,96.13267913
1092,2008,6,7.8,301,5.43,0.3,166,1050,0,107.3526983
1092,2009,5.5,7.7,8092,7.6,0.72,410,800,0,134.365049
1092,2010,7,7.4,3113,4,2.16,95,350,1,82.2010567
1092,2011,5.7,7.4,2323,6.3,1.47,400,541,0,115.2877151
1092,2012,4.8,7.2,5429,8.4,2.08,177,408,0,130.5805057
1092,2013,6.4,7.4,1003,4.3,2.89,524,753,1,96.99220243
1092,2014,5.1,7.3,3937,10.3,1.8,31,83,0,144.0106009
