STATION CODE,year,D.O.,PH,CONDUCTIVITY,B.O.D.,NITRATE,FECAL COLIFORM,TOTAL COLIFORM,Potability,WQI
1151,2006,6.371,7.061,214,4.5,0.346,18,292,1,81.05881845
1151,2007,6.6,7.2,88,3.9,0.45,228,1146,1,81.88059652
1151,2008,6.8,7.2,110,3.9,0.49,480,1036,1,86.47613461
1151,2009,7,7.4,225,3.8,0.26,152,375,1,80.6865767
1151,2010,6.7,7.4,125,3.7,0.4,514,820,1,89.34828957
1151,2011,6.9,7.5,133,3.2,0.55,252,409,1,79.84677565
1151,2012,6.8,7.5,146,3,0.6,124,241,1,75.70440261
1151,2013,7.2,7.7,125,3.3,1,39,89,1,78.06981478
1151,2014,5.9,7.4,268,6.4,0.4,37,68,0,106.4217052
